region,prefix,apps_with_prefix,in_which_APKs
eu,com.google.firebase.analytics,15,Amazon Shopping;BGL;BILnet;Bolt;DB Navigator;Google Maps;Mobiliteit.lu;MyGuichet.lu;Revolut;Telegram;Vinted;X;Zalando;bol;itsme
ru,com.google.firebase.analytics,15,Alfa Bank;Avito;EMIAS.INFO;Gosuslugi;Gosuslugi Biometria;Nalogi FL;OK;Ozon;RZD;Sberbank;VK;VTB;Wildberries;Yandex Go Taxi;Yandex Trains
ru,io.appmetrica.analytics.network,10,EMIAS.INFO;Gosuslugi;Nalogi FL;OK;VTB;Yandex Go Taxi;Yandex Maps;Yandex Market;Yandex Telemost;Yandex Trains
ru,io.appmetrica.analytics.location,9,Gosuslugi;Nalogi FL;OK;VTB;Yandex Go Taxi;Yandex Maps;Yandex Market;Yandex Telemost;Yandex Trains
ru,io.appmetrica.analytics.logger,9,Gosuslugi;Nalogi FL;OK;VTB;Yandex Go Taxi;Yandex Maps;Yandex Market;Yandex Telemost;Yandex Trains
ru,com.google.android.gms.analytics,3,OK;Ozon;Yandex Market
eu,com.adobe.marketing.mobile.analytics,1,BGL
eu,com.amplitude.analytics,1,itsme
eu,com.google.android.gms.analytics,1,Mobiliteit.lu
